body,header,date,from,to,attachment,sexe,age,label
" 
  
  
  
 ----- Transf√©r√© par Conseiller le 24/05/2018 11:49 ----- 
  
 De :	Dupont <monsieurdupont@extensiona.com> 
 A :	conseiller@Societeimaginaire.fr 
 Cc¬†:	Societe@www.Societe.fr 
 Date :	24/05/2018 11:36 
 Objet :	Devis habitation 
  
  
  
 Bonjour 
 Je suis client chez vous 
 Pouvez vous m √©tablir un devis pour mon fils qui souhaite 
 louer l‚Äôappartement suivant : 
 25 rue du rueimaginaire 77000 
 Merci 
 Envoy√© de mon iPhone",Tr : Devis habitation,jeudi 24 mai 2018 11 h 49 CEST,conseiller1@societeimaginaire.fr,demandes@societeimaginaire.fr,[],F,35,habitation
" 
  
  
  
 ----- Transf√©r√© par Conseiller le 25/05/2018 08:20 ----- 
  
 De :	Dupont <monsieurdupont@extensiona.com> 
 A :	conseiller@Societeimaginaire.fr 
 Date :	24/05/2018 19:37 
 Objet :	Immatriculation voiture 
  
  
  
 Bonsoir madame, 
  
 Je vous informe que la nouvelle immatriculation est enfin 
 faite. Je vous remercie bien pour votre patience. 
 Je vous prie de trouver donc la carte grise ainsi que la 
 nouvelle immatriculation. Je vous demanderai de faire les changements 
 n√©cessaires concernant l‚Äôassurance. 
 Je vous remercie encore pour tout. 
 Cordialement, 
 Monsieur Dupont (See attached file: pj.pdf)",Tr : Immatriculation voiture,vendredi 25 mai 2018 06 h 21 CEST,conseiller1@societeimaginaire.fr,demandes@societeimaginaire.fr,"[""pj.pdf""]",M,32,vehicule
" 
  
  
 Bonjours, 
  
 Suite a notre conversation t√©l√©phonique de Mardi , pourriez vous me dire la 
 somme que je vous dois afin d'√™tre en r√©gularisation . 
  
 Merci bonne journ√©e 
  
 Le mar. 22 mai 2018 √† 10:20,  <conseiller@Societeimaginaire.fr> a √©crit¬†: 
 Bonjour. 
  
 Merci de bien vouloir prendre connaissance du document ci-joint : 
 1 - Relev√© d'identit√© postal (contrats) 
  
 Cordialement. 
  
 La Mututelle Imaginaire 
  
 La visualisation des fichiers PDF n√©cessite Adobe Reader. 
  ",Re: Envoi d'un document de la Soci√©t√© Imaginaire,vendredi 25 mai 2018 06 h 45 CEST,Monsieur Dupont <monsieurdupont@extensiona.com>,demandes@societeimaginaire.fr,[],M,66,compte
" 
  
  
  
  
 Bonjour, 
  
  
 Je fais suite √†¬† votre mail. J'ai envoy√© mon bulletin de salaire 
 par courrier mais il semblerait que vous ne l'ayez pas r√©ceptionn√©. 
 Vous trouverez ci-joint mon bulletin de salaire. 
  
  
 Bien cordialement, 
  
  
 Monsieur Dupont. 
  
 Le 16/05/2018 √† 11:27, conseiller@Societeimaginaire.fr a √©crit¬†: 
  
 Cher(e) client, 
  
 Sauf erreur de notre part, nous n'avons pas re√ßu votre justificatif 
 d‚Äôemploi. 
 Nous vous rappelons qu'il nous est indispensable pour valider votre 
 adh√©sion aupr√®s de notre Societe. 
  
 Il peut s‚Äôagir de votre dernier bulletin de paye ou d‚Äôune attestation de 
 votre employeur par exemple. 
  
 Votre conseiller Societe Imaginaire 
 |------------------------+---------------------------------------| 
 |                        |Garanti sans virus.  www.avast.com     | 
 |------------------------+---------------------------------------| 
  
  
  ",Re: Votre adh√©sion √† la Soci√©t√© Imaginaire,vendredi 25 mai 2018 10 h 15 CEST,Monsieur Dupont <monsieurdupont@extensiond.com>,demandes@societeimaginaire.fr,"[""fichedepaie.png""]",M,50,adhesion
" 
  
  
 Bonjour, 
 Voici ci joint mon bulletin de salaire comme demand√©. 
 Cordialement 
 Monsieur Dupont 
  
 Le ven. 25 mai 2018 √† 11:23,  <conseiller@Societeimaginaire.fr> a √©crit¬†: 
  
 Cher(e) client, 
  
 Sauf erreur de notre part, nous n'avons pas re√ßu votre justificatif d‚Äôemploi. 
 Nous vous rappelons qu'il nous est indispensable pour valider votre 
 adh√©sion aupr√®s de notre Societe Imaginaire. 
  
 Il peut s‚Äôagir de votre dernier bulletin de paye ou d‚Äôune attestation de 
 votre employeur. 
  
 Votre conseiller Societe Imaginaire¬†¬†(See attached file: pj.jpg)",Bulletin de salaire,vendredi 25 mai 2018 17 h 30 CEST,Monsieur Dupont <monsieurdupont@extensiona.com>,demandes@societeimaginaire.fr,"[""pj.pdf""]",M,15,adhesion
" Madame, Monsieur, 
 
 Je vous avais contact√©s car j'avais pour 
 projet d'agrandir ma maison. J'avais re√ßu un devis pour lequel je n'avais 
 pas donn√© suite, les travaux n'√©tant pas encore r√©alis√©s. 
  
 Le projet a maintenant √©t√© port√© √† son terme et je voudrais donc revoir 
 votre offre si possible. 
  
 Je d√©sire garder le m√™me type de contrat. 
 Je suis √† votre disposition pour tout renseignement compl√©mentaires. 
  
 Sinc√®res salutations 
 Monsieur Dupont 
  ",Modification et extension de ma maison,jeudi 31 mai 2018 10 h 28 CEST,Monsieur Dupont <monsieurdupont@extensiona.com>,demandes@societeimaginaire.fr,[],F,22,habitation
" 
  
  
  
  
  
  
 ----- Transf√©r√© par Conseiller le 31/05/2018 12:24 ----- 
  
 De :	Dupont <monsieurdupont@extensiona.com> 
 A :	conseiller@Societeimaginaire.fr 
 Date :	30/05/2018 15:56 
 Objet :	Assurance d'un nouveau logement 
  
  
  
 Bonjour, 
  
 J'emm√©nage dans un nouveau studio le Vendredi 2 Juin 2019 
 mais je n'arrive pas √† souscrire d'assurance via la plateforme en ligne. 
  
 C'est¬†pourquoi je vous envoie¬†l'√©tat des¬†lieux de sortie du deuxi√®me studio 
 afin de¬†pouvoir l'enlever du contrat et ainsi pouvoir assurer le¬†nouveau 
 logement.   
  
  
 Cordialement,   
  
  
 Monsieur Dupont. 
  
  
 T√©l : 07.00.00.00.00 
  
  
 Mail : monsieurdupont@extensiona.com (See attached file: pj.pdf) 
  ",Tr : Assurance d'un nouveau logement,jeudi 31 mai 2018 12 h 24 CEST,Conseiller <conseiller1@societeimaginaire.fr>,demandes@societeimaginaire.fr,"[""pj.pdf""]",F,28,resiliation
" 
  
  
  
  
 Bonjour, 
  
  
  
 Je me permets de venir vers vous car depuis le d√©but de l‚Äôann√©e, nous avons 
 des difficult√©s pour assurer nos v√©hicules. 
  
 Ces derniers jours, vous nous avez fait parvenir le d√©tail des 
 d√©nominations et des niveau d‚Äôassurance de chaque v√©hicule. 
  
 Merci d‚Äôeffectuer ces changements 
  
  
  
 Dans l‚Äôattente de votre retour 
  
  
  
 Cordialement 
  
  
  
 Monsieur Dupont 
  
 ¬†(See attached file: image001.png)(See attached file: Assurances v√©hicules2018.pdf)",Assurance v√©hicules,jeudi 31 mai 2018 14 h 02 CEST,Monsieur Dupont <monsieurdupont@extensiona.com>,demandes@societeimaginaire.fr,"[""image001.png""]",M,39,vehicule
" 
  
  
 Bonjour, 
  
 Voici la copie du virement effectuer √† ce jour. 
 Serait-il possible d‚Äôobtenir une attestation d‚Äôassurance? 
  
 Cordialement, 
  
 Monsieur Dupont 
 06 00 00 00 00 
 (See attached file: pj.pdf) 
  
 > Le 23 mai 2018 √† 10:17, conseiller@Societeimaginaire.fr a √©crit : 
 > 
 > Bonjour, 
 > 
 > Nous faisons suite √† votre dernier courriel. 
 > 
 > A ce jour, le montant √† devoir, permettant de solder votre compte 
 cotisation, est de 000.00euros. 
 > 
 > Nous restons √† votre disposition pour tous renseignements 
 compl√©mentaires. 
 > 
 > Meilleures salutations, 
 > 
 > Conseiller. 
 > <pj.pdf> ",Re: Virement,jeudi 31 mai 2018 17 h 10 CEST,Monsieur Dupont <monsieurdupont@extensione.com>,demandes@societeimaginaire.fr,"[""pj.pdf""]",M,38,autres
" 
  
  
  
  
  
  
  
 BONJOUR 
  
  
  
 CI-JOINT PRET VEHICULE 
  
 CORDIALEMENT 
  
 GARAGE 
  
  
  
  
  
  
 > Message du 31/05/18 08:51 
 > De : monsieurdupont@extensionb.com 
 > A : ""GARAGE"" <garage@extensionb.com> 
 > Copie √† : 
 > Objet : Attached Image 
 > 
 >(See attached file: pj.pdf)",Pr√™t v√©hicule,jeudi 31 mai 2018 08 h 54 CEST,Monsieur Dupont <monsieurdupont@extensionb.com>,demandes@societeimaginaire.fr,"[""pj.pdf""]",M,30,vehicule
" 
  
  
 ----- Transf√©r√© par Conseiller le 31/05/2018 11:59 ----- 
  
 De :	Dupont <monsieurdupont@extensiona.com> 
 A :	conseiller@Societeimaginaire.fr 
 Date :	30/05/2018 10:12 
 Objet :	Re: Demande 
  
  
  
 Bonjour Monsieur, 
 Pouvez-vous m'appeler lundi prochain en fin d'apr√®s-midi ? 
 Cordialement, 
 Monsieur Dupont 
  
 Le mer. 31 mai 2018 √† 09:58, <conseiller@Societeimaginaire.fr> a √©crit¬†: 
       Bonjour Mr Dupont, 
  
       Je fais suite √† mon message t√©l√©phonique de ce jour. 
       Comme pr√©cis√©, je vous adresse ce mail avec mes coordonn√©es pour que 
       vous puissiez en retour me faire part de vos disponibilit√©s. 
       Pour rappel, je souhaite vous rencontrer pour faire un bilan 
       g√©n√©ral de vos contrats. 
  
       Dans l'attente de vous lire, je vous souhaite une bonne journ√©e. 
  
       Bien cordialement. 
  
       Conseiller. 
       conseiller@Societeimaginaire.fr 
       Conseiller Societe Imaginaire. 
  ",Bilan g√©n√©ral contrats,jeudi 31 mai 2018 12 h 00 CEST,conseiller@societeimaginaire.fr,demandes@societeimaginaire.fr,[],F,63,bilan
" 
  
  
 Bonjour, 
  
 Suite √† notre entretien t√©l√©phonique de ce jour, 
 je joins le num√©ro de t√©l√©phone de mon fils 
 
 Monsieur Dupont 
 ¬†tel : 06 00 00 00 00. 
  
 Monsieur Dupont 
  
 Cordialement 
  ",Num√©ro de t√©l√©phone,jeudi 31 mai 2018 12 h 44 CEST,monsieurdupont@extensionf.net,demandes@societeimaginaire.fr,[],M,23,modification
" 
  
  
  
 De :	Dupont <monsieurdupont@extensiona.com> 
 A :	conseiller@Societeimaginaire.fr 
 Date :	03/06/2018 16:41 
 Objet :	Re: Vos documents demand√©s 
  
  
  
 Bonjour, 
  
 Serait-il possible de rebasculer mon v√©hicule d√®s 
 aujourd'hui en assurance parfaite? 
  
 Voici des photos du jour qui attestent de son parfait √©tat. 
  
 D'avance merci de votre confirmation 
  
 Monsieur Dupont 
 Envoy√© de mon iPhone 
 (See attached file: image1.jpeg) 
  
  
 (See attached file: image2.jpeg) 
  
  
 (See attached file: image3.jpeg) 
  
  
 > Le 21 janv. 2018 √† 20:38, Monsieur Dupont <monsieurdupont@extensiona.com> a √©crit : 
 > 
 > Bonjour Madame, 
 > 
 > Je vous confirme que je souhaite basculer mon contrat actuel sous la 
 nouvelle forme d√®s √† pr√©sent. 
 > 
 > D'avance merci de votre confirmation. 
 > 
 > Bien cordialement, 
 > Monsieur Dupont 
 > 
 > Envoy√© de mon iPad 
 > 
 >> Le 30 nov. 2017 √† 10:06, conseiller@Societeimaginaire.fr a √©crit : 
 >> 
 >> Bonjour, 
 >> 
 >> Veuillez trouver ci-joint les documents que vous nous avez demand√©s : 
 >> - Devis1 
 >> - Devis2 
 >> 
 >> La visualisation des fichiers PDF n√©cessite Adobe Reader. 
 >> 
 >> Bien √† vous. 
 >> 
 >> La SocSociete Imaginaire. 
 >> <Doc.pdf> 
 >> <pj.pdf> ",Tr : Re: Vos documents demand√©s,lundi 4 juin 2018 09 h 56 CEST,conseiller@societeimaginaire.fr,demandes@societeimaginaire.fr,"[""image1.jpeg"",""image2.jpeg"",""image3.jpeg""]",F,28,vehicule
" 
  
  
  
  
  
  
 -- 
 Monsieur Dupont (See attached file: Relev√© d'informations.pdf)",Demande,lundi 4 juin 2018 14 h 09 CEST,Monsieur Dupont <monsieurdupont@extensiona.com>,demandes@societeimaginaire.fr,"[""Relev√© d'informations.pdf""]",M,86,vehicule
" 
  
  
 ----- Transf√©r√© par Conseiller le 04/06/2018 09:20 ----- 
  
 De : ¬† ¬† ¬† ¬†Association Dupont <monsieurdupont@extensiona.com> 
 A : ¬† ¬† ¬† ¬†representant@Societeimaginaire.fr 
 Date : ¬† ¬† ¬† ¬†01/06/2018 16:03 
 Objet : ¬† ¬† ¬† ¬†Re:  Correspondance de La Societe Imaginaire 
  
  
  
  
 Bonjour, merci de votre retour rapide. 
  
 Concernent l'attestation du 22 septembre, serait-il possible de faire 
 appara√Ætre l'adresse compl√®te de l'√©v√©nement. 
  
 En effet, s'agissant d'un domaine priv√©, les propri√©taires nous ont fait 
 cette demande. 
  
 Vous remerciant par avance. 
  
 Cordialement. 
  
 Monsieur Dupont,  
 Association LOI 1901. 
 T√©l. perso : 06.00.00.00.00 
  
  ",Tr : attestation,lundi 4 juin 2018 09 h 20 CEST,conseiller@societeimaginaire.fr,demandes@societeimaginaire.fr,[],M,36,habitation
" 
  
  
  
  
  
  
  
  
 Bonjour Madame, 
  
 Je vous remercie pour l'attestation demand√©e par t√©l√©phone. 
 je vous rappelle que je suis la propri√©taire de ce v√©hicule et que cette 
 attestation est √† destination de mon travail. 
  
 Cordialement 
  
 Madame Dupont 
  
  
  
 PS: il y a quelques temps j'ai sollicit√© vos services pour une attestation 
 et je n'ai eu aucune difficult√© pour l'obtenir 
  
  
  
 > Message du 28/05/18 15:22 
 > De : conseiller@Societeimaginaire.fr 
 > A : madamedupont@extensionb.com 
 > Copie √† : 
 > Objet : Envoi d'un document de la Societe Imaginaire 
 > 
 > Bonjour. 
  
 Merci de bien vouloir prendre connaissance du document ci-joint : 
 1 - Attestation d'assurance 
  
 Cordialement. 
  
 La Societe Imaginaire 
  
 La visualisation des fichiers PDF n√©cessite Adobe Reader.(See attached 
 file: pj.pdf)",demande attestation - Envoi d'un document de la Mutuelle Imaginaire,lundi 4 juin 2018 10 h 22 CEST,Monsieur Dupont <monsieurdupont@extensionc.com>,demandes@societeimaginaire.fr,[],F,88,resiliation
" 
  
  
  
 Bonjour madame, 
 Suite √† notre entretien t√©l√©phonique de ce jour, je vous joins un Scan de 
 mon certificat de cession de mon v√©hicule nautique assur√© chez vous. 
 Je vous remercie de la clart√© de vos explications et reste √† votre 
 disposition. 
 Bien √†  vous 
 Monsieur Dupont(See attached file: NumeÃÅriser.pdf) 
 ",certificat de cession de v√©hicule,lundi 4 juin 2018 15 h 39 CEST,Monsieur Dupont <monsieurdupont@extensionb.com>,demandes@societeimaginaire.fr,"[""NumeÃÅriser.pdf""]",M,57,resiliation
" 
  
  
  
 Bonjour, 
 Vous trouverez ci-joint le certificat de cession attestant de la vente du 
 v√©hicule pour r√©silier l'assurance. 
  
 Cordialement 
 Monsieur Dupont(See attached file: pj.jpg)",certificat de cession ,lundi 4 juin 2018 15 h 49 CEST,Monsieur Dupont <monsieurdupont@extensiona.com>,demandes@societeimaginaire.fr,"[""pj.jpg""]",M,82,vehicule
" 
  
  
  
 Vous trouverez en pi√®ce jointe le relev√© de situation ainsi que le bulletin 
 de paie demand√© et un rib. 
 Mon Adresse compl√®te est l√† suivante : 00 rue imaginaire 33000 Villeimaginaire 
 ¬†(See attached file: Screenshot.png)(See attached 
 file: Screenshot2.png)(See attached file: 
 Screenshot3.png)",Assurance auto,lundi 4 juin 2018 18 h 04 CEST,Monsieur Dupont <monsieurdupont@extensiona.com>,demandes@societeimaginaire.fr,"[""Screenshot.png"",""Screenshot2.png"",""Screenshot3.png""]",F,60,adhesion
" 
  
  
  
  
  
  
 Le lundi 4 juin 2018 √† 13:59:14 UTC+2, conseiller@Societeimaginaire.fr 
 <conseiller@Societeimaginaire.fr> a √©crit : 
  
  
 Ch√®re client, 
  
 Nous avons bien re√ßu votre email qui a retenu toute notre attention. 
  
 Le document que vous nous avez envoy√© n'est pas exploitable. Pourriez-vous 
 nous le renvoyer dans une meilleure r√©solution ? 
  
 Bien Cordialement. 
  
 Au nom de l'√©quipe Societe Imaginaire 
  
 logo Societe Imaginaire 
 |------------------------+---------------------------------------| 
 |                        |Garanti sans virus. www.avast.com      | 
 |------------------------+---------------------------------------| 
  
  
  
 (See attached file: ACTE VENTE 1.pdf)(See attached file: ACTE VENTE 2.pdf)",Re: Suppression assurance logement,lundi 4 juin 2018 20 h 45 CEST,Monsieur Dupont <monsieurdupont@extensiong.fr>,demandes@societeimaginaire.fr,"[""ACTE VENTE 1.pdf"",""ACTE VENTE 2.pdf""]",M,21,succession
" 
  
  
 Bonjour, 
  
 Permettez-moi de vous signaler un changement d'adresse me concernant. 
  
 Voici ma nouvelle adresse : 
  
 00 rue du Nomderue 
 75000 Paris 
  
 Merci. 
  
 Bien √† vous, 
  
 Monsieur Dupont 
  ",changement d'adresse,lundi 4 juin 2018 22 h 28 CEST,Monsieur Dupont <monsieurdupont@extensiong.fr>,demandes@societeimaginaire.fr,[],M,58,habitation
" 
  
  
  
  
  ----- Transf√©r√© par Conseiller le 04/06/2018 10:29 ----- 
  
 De :	monsieurdupont@extensionf.net 
 A :	Societe Imaginaire <region@Societeimaginaire.fr> 
 Date :	02/06/2018 11:07 
 Objet :	Fwd: Changement de vehicule 
  
  
  
 Bonjour, 
  
 Pourriez vous faire suite au mail suivant en date du 22 Mai 
 2017. 
  
  
 De: monsieurdupont@extensionf.net 
 √Ä: ""Societe Imaginaire"" <region@Societeimaginaire.fr> 
 Envoy√©: Mardi 22 Mai 2017 10:15:25 
 Objet: Changement de vehicule 
  
 Bonjour, 
  
 Merci de bien vouloir transf√©rer l'assurance du vehicuel sur le 
 Scooter, 
 dont les r√©f√©rences sont sur la facture fourni en pi√®ce-jointe. 
  
 Me faire parvenir l'attestation. 
  
 Merci. 
  
 MR Dupont, 
 le 22 mai 2017 
  
 Cordialement 
 (See attached file: Facture.jpg)",Tr : Fwd: Changement de Scooter  !,lundi 4 juin 2018 10 h 29 CEST,conseiller@societeimaginaire.fr,demandes@societeimaginaire.fr,[],M,64,vehicule
" 
  
  
  
 ----- Transf√©r√© par Conseiller le 04/06/2018 10:38 ----- 
  
 De :	monsieurdupont@extensiona.com 
 A :	conseiller@Societeimaginaire.fr 
 Date :	03/06/2018 16:52 
 Objet :	R√©clamations 
  
  
  
 Num√©ro T√©l. : 0600000000 
 E-mail : monsieurdupont@extensiona.com 
 M. DUPONT 
 Adresse : 94000 
 Objet de la demande :  R√©clamations 
  
 Bonjour, j'aurais besoin de l'attestation 
 pour ma declaration de revenus 2018. 
 Merci d'avance 
 ",Tr : R√©clamations  ,lundi 4 juin 2018 10 h 38 CEST,conseiller@societeimaginaire.fr,demandes@societeimaginaire.fr,[],F,20,habitation
" 
  
  
  
 Bonjour , 
  
 Veuillez recevoir le certificat de cession de mon v√©hicule afin que vous 
 puissiez effectuer la r√©siliation de mon contrat. 
 Je reviendrai vers vous afin d‚Äôassurer mon nouveau v√©hicule bient√¥t. 
  
 Bien √† vous , 
  
 Mr DUPONT 
  
  
  
 (Embedded image moved to file: pic.jpg) 
  
  
 Envoy√© de mon iPad",R√©siliation contrat voiture ,lundi 4 juin 2018 11 h 19 CEST,Monsieur Dupont <monsieurdupont@extensiong.fr>,demandes@societeimaginaire.fr,"[""pic.jpg""]",F,51,resiliation
" 
  
  
  
  
  
  
 -- 
 Monsieur Dupont 
 02 chemin imaginaire 
 84000 
 monsieurdupont@extensiona.com 
 06.00.00.00.00(See attached file: Relev√© d'informations.pdf)",Demande,lundi 4 juin 2018 10 h 58 CEST,Monsieur Dupont <monsieurdupont@extensiona.com>,demandes@societeimaginaire.fr,"[""Relev√© d'informations.pdf""]",M,77,vehicule
" 
  
  
 Bonjour, je vous remercie de ce retour. Pouvez vous r√©pondre aux 
 diff√©rentes questions soulev√©es dans mon mail afin que je prenne ma 
 d√©cision. Bien cordialement. Mr Dupont. 
  
 Obtenez Outlook pour iOS 
  
 From: conseiller@Societeimaginaire.fr <conseiller@Societe.fr> 
 Sent: Monday, June 4, 2018 1:56:43 PM 
 To: monsieurdupont@hotmail.com 
 Subject:  : Votre devis v√©hicule 
  
 Bonjour, 
 Veuillez trouver ci-joint le devis que vous nous avez demand√©. 
 La visualisation des fichiers PDF n√©cessite Adobe Reader. 
 Cordialement. 
 La Societe Imaginaire 
  ",Tr : Re: Interrogations,lundi 4 juin 2018 15 h 37 CEST,conseiller@societeimaginaire.fr,demandes@societeimaginaire.fr,[],F,40,vehicule
" 
  
  
  
  
  
 De :	monsieurdupond <monsieurdupont@extensiona.com> 
 A :	""conseiller@Societeimaginaire.fr"" <conseiller@Societeimaginaire.fr> 
 Date :	04/06/2018 13:47 
 Objet :	RE: Correspondance de La Societe Imaginaire 
  
  
  
 Bonjour 
 Ci-joint le rib du compte comme demand√© 
 Bien √† vous 
  
 Monsieur DUPONT 
 (Embedded image moved to file: pic.jpg)  
 +33(0) 6 00 00 00 00 
  
 De : conseiller@Societeimaginaire.fr [mailto:conseiller@Societeimaginaire.fr] 
 Envoy√© : lundi 4 juin 2018 12:23 
 √Ä : Monsieur Dupont <monsieurdupont@extensiona.com> 
 Objet : Correspondance de La Societe Imaginaire 
  
 Bonjour. 
  
 Veuillez prendre connaissance des documents ci-joints : 
 1 - Courrier 
 2 - Envoi Devis habitation 
  
 Meilleurs sentiments. 
  
 La Societe Imaginaire 
  
 La visualisation des fichiers PDF n√©cessite Adobe Reader.(See attached 
 file: RIB.pdf)",RIB,mardi 5 juin 2018 09 h 04 CEST,conseiller@societeimaginaire.fr,demandes@societeimaginaire.fr,"[""RIB.pdf""]",F,86,regularisation
" 
  
  
  
  
  
 Bonjour, 
  
 Veuillez trouver ci-joint le RI de Mme Dupont, 
  
 Vous souhaitant bonne r√©ception, 
  
  
 Bien cordialement. 
  
  
 (Embedded image moved to file: pic30109.jpg) 
 [IMAGE] 
  
 Le 2018-06-04 20:37, Mr DUPONT a √©crit¬†: 
 Bonjour Monsieur, 
  
 Pourriez-vous, s'il vous plait, faire parvenir mon relev√© d'informations √† 
 la Societe Imaginaire, par retour de mail, en gardant la r√©f√©rence cit√©e en objet qui 
 vous plait? 
  
 Je vous remercie, 
  
 Monsieur Dupont 
  
 -------- Message d'origine -------- 
 De : conseiller@Societeimaginaire.fr 
 Date : 04/06/2018 14:30 (GMT+01:00) 
 √Ä : monsieurdupont@polytechnique.edu 
 Objet : Confirmation de votre assurance v√©hicule¬† 
  
  
 Cher(e) client, 
  
 Nous vous confirmons l'enregistrement de l'assurance de votre v√©hicule en 
 en date du 01/05/2017 suite √† la demande de r√©siliation que nous avons 
 effectu√©e aupr√®s de la Societe Concurrente. 
  
 Toutefois, ces derniers ne nous ont pas envoy√© votre Relev√© d'Information 
 donc il va falloir que vous leur demandiez pour ensuite nous le transmettre 
 par mail √† l'adresse conseiller@Societeimaginaire.fr 
 En attendant ce document, nous vous 
 assurons quand m√™me, mais de mani√®re provisoire. 
  
 De plus, il faudra que l'on voit ensemble quel mode de paiement vous souhaitez. 
 Pour cela, le plus simple et 
 de nous contacter au 09.00.00.00.00 ou de pr√©voir un recontact via notre 
 site Societeimaginaire.fr 
  
  
 Bien Cordialement. 
  
 Au nom de l'√©quipe Societe Imaginaire 
  
 logo Societe Imaginaire 
 
 (See attached file: image-a7c10.png)(See attached file: Releve_Information.pdf)(See attached file: Releve_Information.pdf)(See attached file: Releve_Information.pdf)",Re: Confirmation de votre assurance v√©hicule,mardi 5 juin 2018 10 h 56 CEST,Conseiller <conseiller1@societeimaginaire.fr>,demandes@societeimaginaire.fr,"[""image-a7c10.png"",""Releve_Information.pdf""]",F,52,resiliation
" 
  
  
 Bonjour 
 Suite √† notre entretien t√©l√©phonique, veuillez trouver ici mon relev√© 
 d'identit√© bancaire. 
  
 Au nom de Monsieur Dupont 
  
 Bien cordialement 
  
 -- 
 Monsieur Dupont 
 32 avenue Imaginaire 
 T√©l: +33 (0)600 00 00 00 
  ",RIB,mardi 5 juin 2018 11 h 12 CEST,Monsieur Dupont <monsieurdupont@extensiona.com>,demandes@societeimaginaire.fr,"[""rib.pdf""]",M,72,compte
" 
  
  
  
  
 Bonjour, 
  
 Nous souhaitons d√©clar√©s deux sinistres concernant nos deux v√©hicules. 
  
 1) Vehicule1 : 
  
 Le v√©hicule √©tait stationnement sur le parking et il 
 pr√©sente une trace sur l'aile arri√®re droite et sur le 
 pare-choc. 
  
 2) Vehicule2 : 
  
 Le conducteur s'est gar√© sur un parking d'entreprise. 
 Il a cogn√© avec le pneu avant droit. 
  
  
 En vous souhaitant bonne r√©ception de ces √©l√©ments, 
  
 Bien cordialement, 
  
 Monsieur Dupont 
  
 (Embedded image moved to file: pic.jpg) 
  
 (Embedded image moved to file: pic.jpg)",sinistres,mardi 5 juin 2018 17 h 37 CEST,Monsieur Dupont <monsieurdupont@extensiona.com>,demandes@societeimaginaire.fr,"[""pic.jpg""]",M,39,sinistres
" 
  
  
  
 Nous restons √† votre disposition 
  
 Cordialement 
  
 Societe Imaginaire 

 ----- Transf√©r√© par Conseiller le 05/06/2018 10:05 ----- 
  
 De :	monsieurdupont <monsieurdupont@extensionf.net> 
 A :	conseiller@Societeimaginaire.fr 
 Date :	03/06/2018 10:26 
 Objet :	Modification de contrat 
  
 
  
 Bonjour Madame, 
  
 Notre fils, conducteur principal du v√©hicule √©tant 
 en stage puis √† l'√©tranger pour une bonne partie de l'an 
 prochain, son v√©hicule est d√©sormais √† la maison et il ne sera amen√© √† 
 l'utiliser que rarement. 
 Pour cette raison, nous souhaiterions modifier son contrat d'assurance 
 d√®s que possible. 
  
 Vous remerciant par avance de votre concours, nous restons √† votre 
 disposition pour toute information compl√©mentaire. 
  
 Cordialement 
  
 Monsieur Dupont 
  ",contrat vehicule,mardi 5 juin 2018 10 h 06 CEST,conseiller@societeimaginaire.fr,demandes@societeimaginaire.fr,[],M,63,vehicule
" 
  
  
  
  
 De :	Monsieur Dupont <monsieurdupont@extensionj.fr> 
 A :	conseiller@Societeimaginaire.fr 
 Cc¬†:	Monsieur Dupont <monsieurdupont@extensionj.fr>, Madame Dupont 
             <madamedupont@extensionj.fr> 
 Date :	04/06/2018 18:08 
 Objet :	r√©siliation couverture v√©hicule suite cession 
  
  
  
 Bonjour, 
  
 Le v√©hicule a √©t√© c√©d√© le 2 avril 2018. 
  
 Merci, ci joint le document de cession scann√© 
  
 Cordialement, 
  
  
 Monsieur Dupont - Orange 
 monsieurdupont@extensionj.fr 
  
 responsable : Monsieur Dupont 
 06 00 00 00 00 
 monsieurdupont@extensionj.fr 
  
  
  
  
 (See attached file: cession.pdf)",Tr : r√©siliation couverture v√©hicule suite cession,mardi 5 juin 2018 12 h 33 CEST,conseiller@societeimaginaire.fr,demandes@societeimaginaire.fr,"[""cession.pdf""]",M,79,vehicule
" 
  
  
 De :	Dupont <monsieurdupont@extensiona.com> 
 A :	conseiller@Societeimaginaire.fr 
 Date :	05/06/2018 13:34 
 Objet :	R√©ponse au dossier de pr√™t 
  
  
  
 Madame, Monsieur, 
  
 Vous nous avez adress√© un dossier de pr√™t concernant votre client. 
  
 Nous vous informons de notre accord. 
  
 Nous restons √† votre enti√®re disposition. 
  
 Bien cordialement. 
  
 Conseiller 
  
 Societe Imaginaire 
 
 T√©l : 05 00 00 00 00 
 Fax : 05 00 00 00 00 
 E-mail: conseiller@societeimaginaire.fr 
  
  
",dossier de pr√™t ,mardi 5 juin 2018 14 h 11 CEST,conseiller@societeimaginaire.fr,demandes@societeimaginaire.fr,[],F,18,vehicule
" 
  
  
  
  
  
 Madame, Monsieur, 
  
  
  
 Je vous prie de trouver ci-joint une d√©claration de sinistre, 
 relative au cas de Monsieur Dupont, survenu le lundi 6 Mai. 
  
  
  
 Avec nos cordiales salutations. 
  
  
  
 (Embedded image moved to file: pic.jpg) 
  
 ¬†(See attached file: doc.pdf)",d√©clarations de sinistre corporel et mat√©riel,mardi 5 juin 2018 16 h 06 CEST,Monsieur Dupont <monsieurdupont@extensionb.com>,demandes@societeimaginaire.fr,"[""doc.pdf""]",M,45,habitation
" 
  
  
  
 Madame, Monsieur, 
  
 Je vous prie de trouver ci-joints les justificatifs demand√©s pour la 
 souscription de mon assurance auto. 
  
 Bien cordialement, 
  
 Monsieur Dupont 
 (See attached file: Attestationemployeur.pdf)
(See attached file: Relev√©_d'information.pdf)",Demande d'assurance auto,jeudi 7 juin 2018 12 h 38 CEST,Monsieur Dupont <monsieurdupont@extensiong.fr>,demandes@societeimaginaire.fr,"[""Attestationemployeur.pdf"",""Relev√©_d'information.pdf""]",F,48,resiliation
" 
  
  
  
  
 Envoy√© de mon iPhone 
  
 D√©but du message transf√©r√©¬†: 
  
 Exp√©diteur: monsieurduponte@extensionh.fr 
 Date: 7 juin 2018 √† 16:34:25 UTC+2 
 Destinataire: conseiller@Societeimaginaire.fr 
 Objet: Demande 
 
  
  
 Bonjour, suite √† notre conversation t√©l√©phonique voici la preuve 
 de r√®glement afin que vous puissiez √©tudier ma demande de r√©inscription. 
  
 Cordialement, 
 Monsieur Dupont 
 [IMAGE] 
  
  
 Envoy√© de mon iPhone(See attached file: IMG.PNG)",preuve r√©glement ,jeudi 7 juin 2018 18 h 22 CEST,Monsieur Dupont <monsieurdupont@extensionh.fr>,demandes@societeimaginaire.fr,"[""IMG.PNG""]",F,63,compte
" 
  
  
 Bonjour 
  
 Je m'aper√ßois ce jour que j'ai √©t√© pr√©l√®v√©e plusieurs fois üòÑ : 
  
    1 fois sur mon compte bancaire BANQUE1 
    1 fois sur mon compte BANQUE2 
  
 Je paye donc 2 fois l'assurance v√©hicule et habitation 
  
 Pourriez vous me rembourser la somme n√©cessaire sur mon compte BANQUE1 
 le plus rapidement possible. 
  
 En vous remerciant par avance de votre r√©ponse par retour de mail. 
 Bien cordialement 
 Monsieur Dupont",pr√©l√®vements bancaires,jeudi 7 juin 2018 15 h 16 CEST,Monsieur Dupont <monsieurdupont@extensiona.com>,demandes@societeimaginaire.fr,[],F,19,modification
" 
  
  
  
 Bonjour , 
 Voici, ci-joins les documents demand√©s pr√©c√©demment :) :) :) 
  
 Je vous remercie de la rapidit√© de vos service, 
 Bien √† vous, 
 Monsieur Dupont(See attached file: Liste.docx)(See attached file: 
 PV.pdf)(See attached file: statuts.pdf)(See attached file: 
 RIB.jpeg)",documents ,jeudi 7 juin 2018 10 h 45 CEST,Monsieur Dupont <monsieurdupont@extensiona.com>,demandes@societeimaginaire.fr,"[""Liste.docx"",""PV.pdf"",""statuts.pdf"",""RIB.jpeg""]",F,39,habitation
" 
  
  
 Centre Imaginaire 
  
 00 Rue de Nomderue 
  
 23000 VILLE IMAGINAIRE 
  
  
  
  
  
 Madame, Monsieur, 
  
  
 Merci de bien vouloir me faire parvenir une attestation d'assurance 
 concernant la mise √† disposition de la salle pour 100 personnes. 
  
 objet de la manifestation : r√©union 
  
 cordialement. 
  
  
 Monsieur Dupont 
  
  ",demande d'attestation d'asurance,jeudi 7 juin 2018 11 h 40 CEST,Monsieur Dupont <monsieurdupont@extensionb.com>,demandes@societeimaginaire.fr,[],F,31,habitation
" 
  
  
 (Embedded image moved to file: pic.jpg) Rejoignez-nous sur notre page 
 Facebook 
  
 (Embedded image moved to file: pic.gif) 
  
  
  
 ----- Transf√©r√© par Conseiller/Societe Imaginaire le 07/06/2018 16:32 ----- 
  
 De :	monsieurdupont <monsieurdupont@extensionb.com> 
 A :	conseiller@Societeimaginaire.fr 
 Date :	07/06/2018 16:16 
 Objet :	Re : Message de votre conseill√®re personnelle 
  
  
  
 Bonjour, 
  
 Merci de vos messages. La voiture est conduite par Monsieur Dupont. 
 Nos deux voitures sont assur√©es √† 100%. 
  
 Cordialement, 
  
 Monsieur Dupont 
  
 Le 07/06/18, ""conseiller@Societeimaginaire.fr"" <conseiller@Societeimaginaire.fr> a 
 √©crit : 
  
  
 Ch√®re client, 
  
 Suite √† notre bilan du 01 mai dernier, je souhaitais savoir ce que vous 
 avez d√©cid√©. 
  
  
 Je devais vous √©tablir un devis pour votre voiture donc si 
 vous pouviez m'indiquer le conducteur principal, la date de permis de la voiture ainsi 
 que le type de couverture que vous recherchez, je vous enverrai le devis rapidement. 
  
  
 J'attend de vos nouvelles. 
  
 Bien Cordialement. 
  
 Conseiller 
 D√©l√©gation Conseil 
 conseillerh@Societeimaginaire.fr 
  
  ",Tr : Message de votre conseill√®re personnelle,jeudi 7 juin 2018 16 h 32 CEST,conseiller@societeimaginaire.fr,demandes@societeimaginaire.fr,[],F,18,vehicule
